mysql> SELECT COUNT(*) FROM Customer;
+----------+
| COUNT(*) |
+----------+
|       59 |
+----------+
1 row in set (0.00 sec)

mysql> SELECT COUNT(FirstName) FROM Customer;
+------------------+
| COUNT(FirstName) |
+------------------+
|               59 |
+------------------+
1 row in set (0.00 sec)

mysql> SELECT COUNT(*) FROM Customer
    -> WHERE FirstName = "Frank";
+----------+
| COUNT(*) |
+----------+
|        2 |
+----------+
1 row in set (0.01 sec)

mysql> notee
